baseclear_id;mastermix;project_v.2;pos_work;extract pos;extract ID;registr.code;field nmbr;extractiemethode;taxon;lat;long;country;locality;plate;DS_dsDNA;DS_260/280;DS_RRSE;PCR1 ID;marker;primer F;primer R;bead_ratio;template_dilution;FA_size_PCR1;FA_mol_PCR1;PCR1 pos;PCR2 ID;label set;FA_size_PCR2;FA_mol_PCR2;PCR2 pos
e4032057144_NBCLAB5351a_Mock1_EG007_C_A1_POOL1_82054_41_ACTCGCTACTCTCTAT_L001_merged_trimmed_filtered;aDNA;21076-545;A01;NCBN001251-A09;4032057144;NBC.LAB.5351a;Mock1;0;;missing data;missing data;Indonesia;Makassar;NCBN001251;not available;not available;not available;EG015;COI;NXT-foramCOI_F;NXT-foramCOI_R;0.9;1;no data;no data;A01;EG007;C;497;24.6326;A01
e4032057144_NBCLAB5351b_Mock1_EG007_C_B3_POOL1_82054_58_GCGTAGTATATCCTCT_L001_merged_trimmed_filtered;aDNA;21076-545;A01;NCBN001251-A09;4032057144;NBC.LAB.5351b;Mock1;0;;missing data;missing data;Indonesia;Makassar;NCBN001251;not available;not available;not available;EG016;COI;NXT-foramCOI_F;NXT-foramCOI_R;0.9;1;no data;no data;A01;EG007;C;497;18.0634;B03
e4032057144_NBCLAB5351c_Mock1_EG007_C_H3_POOL1_82054_64_GCGTAGTATCTCTCCG_L001_merged_trimmed_filtered;aDNA;21076-545;A01;NCBN001251-A09;4032057144;NBC.LAB.5351c;Mock1;0;;missing data;missing data;Indonesia;Makassar;NCBN001251;not available;not available;not available;EG016;COI;NXT-foramCOI_F;NXT-foramCOI_R;0.9;1;no data;no data;G01;EG007;C;496;16.9702;H03
e4032057144_NBCLAB5351d_Mock1_EG007_C_F4_POOL1_82054_70_CGGAGCCTCTAAGCCT_L001_merged_trimmed_filtered;aDNA;21076-545;A01;NCBN001251-A09;4032057144;NBC.LAB.5351d;Mock1;0;;missing data;missing data;Indonesia;Makassar;NCBN001251;not available;not available;not available;EG016;COI;NXT-foramCOI_F;NXT-foramCOI_R;0.9;1;no data;no data;E02;EG007;C;501;15.2303;F04
e4032057144_NBCLAB5351e_Mock1_EG007_C_D5_POOL1_82054_76_TACGCTGCACTGCATA_L001_merged_trimmed_filtered;aDNA;21076-545;A01;NCBN001251-A09;4032057144;NBC.LAB.5351e;Mock1;0;;missing data;missing data;Indonesia;Makassar;NCBN001251;not available;not available;not available;EG016;COI;NXT-foramCOI_F;NXT-foramCOI_R;0.9;1;no data;no data;C03;EG007;C;493;18;D05
e4032057145_NBCLAB5453a_S_UPG90_15_EG007_C_A2_POOL1_82054_49_GGAGCTACCTCTCTAT_L001_merged_trimmed_filtered;aDNA;21076-545;A02;NCBN001251-A10;4032057145;NBC.LAB.5453a;S-UPG90-15;0;Foraminifera spp.;-5.053;119.355;Indonesia;Makassar;NCBN001251;not available;not available;not available;EG015;COI;NXT-foramCOI_F;NXT-foramCOI_R;0.9;1;no data;no data;A02;EG007;C;503;9.7664;A02
e4032057145_NBCLAB5453b_S_UPG90_15_EG007_C_D6_POOL1_82054_84_ATGCGCAGACTGCATA_L001_merged_trimmed_filtered;aDNA;21076-545;A02;NCBN001251-A10;4032057145;NBC.LAB.5453b;S-UPG90-15;0;Foraminifera spp.;-5.053;119.355;Indonesia;Makassar;NCBN001251;not available;not available;not available;EG017;COI;NXT-foramCOI_F;NXT-foramCOI_R;0.9;1;no data;no data;C01;EG007;C;493;10.8041;D06
e4032057145_NBCLAB5453c_S_UPG90_15_EG007_C_G7_POOL1_82054_95_TAGCGCTCCGTCTAAT_L001_merged_trimmed_filtered;aDNA;21076-545;A02;NCBN001251-A10;4032057145;NBC.LAB.5453c;S-UPG90-15;0;Foraminifera spp.;-5.053;119.355;Indonesia;Makassar;NCBN001251;not available;not available;not available;EG018;COI;NXT-foramCOI_F;NXT-foramCOI_R;0.9;10;no data;no data;C01;EG007;C;503;9.5411;G07
e4032057145_NBCLAB5453d_S_UPG90_15_EG007_C_H9_POOL1_82054_112_CCTAAGACTCTCTCCG_L001_merged_trimmed_filtered;aDNA;21076-545;A02;NCBN001251-A10;4032057145;NBC.LAB.5453d;S-UPG90-15;0;Foraminifera spp.;-5.053;119.355;Indonesia;Makassar;NCBN001251;not available;not available;not available;EG019;COI;NXT-foramCOI_F;NXT-foramCOI_R;0.9;50;no data;no data;C01;EG007;C;502;10.1496;H09
e4032057145_NBCLAB5453e_S_UPG90_15_EG007_C_A11_POOL1_82054_121_TGCAGCTACTCTCTAT_L001_merged_trimmed_filtered;aDNA;21076-545;A02;NCBN001251-A10;4032057145;NBC.LAB.5453e;S-UPG90-15;0;Foraminifera spp.;-5.053;119.355;Indonesia;Makassar;NCBN001251;not available;not available;not available;EG019;COI;NXT-foramCOI_F;NXT-foramCOI_R;0.9;50;no data;no data;E02;EG007;C;506;12.8636;A11
e4032057145_NBCLAB5453f_S_UPG90_15_EG007_C_B12_POOL1_82054_130_TCGACGTCTATCCTCT_L001_merged_trimmed_filtered;aDNA;21076-545;A02;NCBN001251-A10;4032057145;NBC.LAB.5453f;S-UPG90-15;0;Foraminifera spp.;-5.053;119.355;Indonesia;Makassar;NCBN001251;not available;not available;not available;EG019;COI;NXT-foramCOI_F;NXT-foramCOI_R;0.9;50;no data;no data;G03;EG007;C;499;10.8132;B12
e4032057145_NBCLAB5453g_S_UPG90_15_EG008_B_D1_POOL1_82054_3_TAAGGCGAGCGTAAGA_L001_merged_trimmed_filtered;aDNA;21076-545;A02;NCBN001251-A10;4032057145;NBC.LAB.5453g;S-UPG90-15;0;Foraminifera spp.;-5.053;119.355;Indonesia;Makassar;NCBN001251;not available;not available;not available;EG019;COI;NXT-foramCOI_F;NXT-foramCOI_R;0.9;50;no data;no data;A05;EG008;B;504;28.2998;D01
e4032057146_NBCLAB5461a_E_UPG90_6_EG007_C_G2_POOL1_82054_55_GGAGCTACCGTCTAAT_L001_merged_trimmed_filtered;aDNA;21076-545;A03;NCBN001251-A11;4032057146;NBC.LAB.5461a;E-UPG90-6;0;Foraminifera spp.;-5.053;119.355;Indonesia;Makassar;NCBN001251;not available;not available;not available;EG015;COI;NXT-foramCOI_F;NXT-foramCOI_R;0.9;1;no data;no data;A03;EG007;C;518;5.4553;G02
e4032057146_NBCLAB5461b_E_UPG90_6_EG007_C_F6_POOL1_82054_86_ATGCGCAGCTAAGCCT_L001_merged_trimmed_filtered;aDNA;21076-545;A03;NCBN001251-A11;4032057146;NBC.LAB.5461b;E-UPG90-6;0;Foraminifera spp.;-5.053;119.355;Indonesia;Makassar;NCBN001251;not available;not available;not available;EG017;COI;NXT-foramCOI_F;NXT-foramCOI_R;0.9;1;no data;no data;C02;EG007;C;506;11.1486;F06
e4032057146_NBCLAB5461c_E_UPG90_6_EG007_C_G8_POOL1_82054_103_ACTGAGCGCGTCTAAT_L001_merged_trimmed_filtered;aDNA;21076-545;A03;NCBN001251-A11;4032057146;NBC.LAB.5461c;E-UPG90-6;0;Foraminifera spp.;-5.053;119.355;Indonesia;Makassar;NCBN001251;not available;not available;not available;EG018;COI;NXT-foramCOI_F;NXT-foramCOI_R;0.9;10;no data;no data;C02;EG007;C;510;8.8538;G08
e4032057146_NBCLAB5461d_E_UPG90_6_EG008_B_D2_POOL1_82054_11_CGTACTAGGCGTAAGA_L001_merged_trimmed_filtered;aDNA;21076-545;A03;NCBN001251-A11;4032057146;NBC.LAB.5461d;E-UPG90-6;0;Foraminifera spp.;-5.053;119.355;Indonesia;Makassar;NCBN001251;not available;not available;not available;EG020;COI;NXT-foramCOI_F;NXT-foramCOI_R;0.9;10;no data;no data;A01;EG008;B;515;12.7998;D02
e4032057147_NBCLAB5469a_E_UPG82_rf2_EG007_C_A3_POOL1_82054_57_GCGTAGTACTCTCTAT_L001_merged_trimmed_filtered;aDNA;21076-545;A04;NCBN001251-A12;4032057147;NBC.LAB.5469a;E-UPG82-rf2;0;Foraminifera spp.;-5.055;119.427;Indonesia;Makassar;NCBN001251;not available;not available;not available;EG015;COI;NXT-foramCOI_F;NXT-foramCOI_R;0.9;1;no data;no data;A04;EG007;C;510;8.3201;A03
e4032057147_NBCLAB5469b_E_UPG82_rf2_EG007_C_C7_POOL1_82054_91_TAGCGCTCGTAAGGAG_L001_merged_trimmed_filtered;aDNA;21076-545;A04;NCBN001251-A12;4032057147;NBC.LAB.5469b;E-UPG82-rf2;0;Foraminifera spp.;-5.055;119.427;Indonesia;Makassar;NCBN001251;not available;not available;not available;EG017;COI;NXT-foramCOI_F;NXT-foramCOI_R;0.9;1;no data;no data;C03;EG007;C;513;8.3992;C07
e4032057147_NBCLAB5469c_E_UPG82_rf2_EG007_C_E9_POOL1_82054_109_CCTAAGACAAGGAGTA_L001_merged_trimmed_filtered;aDNA;21076-545;A04;NCBN001251-A12;4032057147;NBC.LAB.5469c;E-UPG82-rf2;0;Foraminifera spp.;-5.055;119.427;Indonesia;Makassar;NCBN001251;not available;not available;not available;EG018;COI;NXT-foramCOI_F;NXT-foramCOI_R;0.9;10;no data;no data;C03;EG007;C;516;6.4335;E09
e4032057147_NBCLAB5469d_E_UPG82_rf2_EG008_B_A5_POOL1_82054_32_GGACTCCTTCGACTAG_L001_merged_trimmed_filtered;aDNA;21076-545;A04;NCBN001251-A12;4032057147;NBC.LAB.5469d;E-UPG82-rf2;0;Foraminifera spp.;-5.055;119.427;Indonesia;Makassar;NCBN001251;not available;not available;not available;EG020;COI;NXT-foramCOI_F;NXT-foramCOI_R;0.9;10;no data;no data;A05;EG008;B;505;25.7516;A05
e4032057147_NBCLAB5469e_E_UPG82_rf2_EG008_B_B5_POOL1_82054_33_GGACTCCTTTCTAGCT_L001_merged_trimmed_filtered;aDNA;21076-545;A04;NCBN001251-A12;4032057147;NBC.LAB.5469e;E-UPG82-rf2;0;Foraminifera spp.;-5.055;119.427;Indonesia;Makassar;NCBN001251;not available;not available;not available;EG020;COI;NXT-foramCOI_F;NXT-foramCOI_R;0.9;10;no data;no data;B05;EG008;B;511;24.4959;B05
e4032057156_NBCLAB5352a_Mock2_EG007_C_B1_POOL1_82054_42_ACTCGCTATATCCTCT_L001_merged_trimmed_filtered;aDNA;21076-545;B01;NCBN001251-B09;4032057156;NBC.LAB.5352a;Mock2;0;;missing data;missing data;Indonesia;Makassar;NCBN001251;not available;not available;not available;EG015;COI;NXT-foramCOI_F;NXT-foramCOI_R;0.9;1;no data;no data;B01;EG007;C;497;20.1165;B01
e4032057156_NBCLAB5352b_Mock2_EG007_C_C3_POOL1_82054_59_GCGTAGTAGTAAGGAG_L001_merged_trimmed_filtered;aDNA;21076-545;B01;NCBN001251-B09;4032057156;NBC.LAB.5352b;Mock2;0;;missing data;missing data;Indonesia;Makassar;NCBN001251;not available;not available;not available;EG016;COI;NXT-foramCOI_F;NXT-foramCOI_R;0.9;1;no data;no data;B01;EG007;C;496;18.2947;C03
e4032057156_NBCLAB5352c_Mock2_EG007_C_A4_POOL1_82054_65_CGGAGCCTCTCTCTAT_L001_merged_trimmed_filtered;aDNA;21076-545;B01;NCBN001251-B09;4032057156;NBC.LAB.5352c;Mock2;0;;missing data;missing data;Indonesia;Makassar;NCBN001251;not available;not available;not available;EG016;COI;NXT-foramCOI_F;NXT-foramCOI_R;0.9;1;no data;no data;H01;EG007;C;508;16.1766;A04
e4032057156_NBCLAB5352d_Mock2_EG007_C_G4_POOL1_82054_71_CGGAGCCTCGTCTAAT_L001_merged_trimmed_filtered;aDNA;21076-545;B01;NCBN001251-B09;4032057156;NBC.LAB.5352d;Mock2;0;;missing data;missing data;Indonesia;Makassar;NCBN001251;not available;not available;not available;EG016;COI;NXT-foramCOI_F;NXT-foramCOI_R;0.9;1;no data;no data;F02;EG007;C;509;12.4187;G04
e4032057156_NBCLAB5352e_Mock2_EG007_C_E5_POOL1_82054_77_TACGCTGCAAGGAGTA_L001_merged_trimmed_filtered;aDNA;21076-545;B01;NCBN001251-B09;4032057156;NBC.LAB.5352e;Mock2;0;;missing data;missing data;Indonesia;Makassar;NCBN001251;not available;not available;not available;EG016;COI;NXT-foramCOI_F;NXT-foramCOI_R;0.9;1;no data;no data;D03;EG007;C;499;12.7633;E05
e4032057157_NBCLAB5454a_S_UPG91_rf1_EG007_C_B2_POOL1_82054_50_GGAGCTACTATCCTCT_L001_merged_trimmed_filtered;aDNA;21076-545;B02;NCBN001251-B10;4032057157;NBC.LAB.5454a;S-UPG91-rf1;0;Foraminifera spp.;-4.925;119.399;Indonesia;Makassar;NCBN001251;not available;not available;not available;EG015;COI;NXT-foramCOI_F;NXT-foramCOI_R;0.9;1;no data;no data;B02;EG007;C;501;9.7867;B02
e4032057157_NBCLAB5454b_S_UPG91_rf1_EG007_C_H7_POOL1_82054_96_TAGCGCTCTCTCTCCG_L001_merged_trimmed_filtered;aDNA;21076-545;B02;NCBN001251-B10;4032057157;NBC.LAB.5454b;S-UPG91-rf1;0;Foraminifera spp.;-4.925;119.399;Indonesia;Makassar;NCBN001251;not available;not available;not available;EG018;COI;NXT-foramCOI_F;NXT-foramCOI_R;0.9;10;no data;no data;D01;EG007;C;507;8.4698;H07
e4032057157_NBCLAB5454c_S_UPG91_rf1_EG007_C_A10_POOL1_82054_113_CGATCAGTCTCTCTAT_L001_merged_trimmed_filtered;aDNA;21076-545;B02;NCBN001251-B10;4032057157;NBC.LAB.5454c;S-UPG91-rf1;0;Foraminifera spp.;-4.925;119.399;Indonesia;Makassar;NCBN001251;not available;not available;not available;EG019;COI;NXT-foramCOI_F;NXT-foramCOI_R;0.9;50;no data;no data;D01;EG007;C;500;9.3693;A10
e4032057157_NBCLAB5454d_S_UPG91_rf1_EG007_C_B11_POOL1_82054_122_TGCAGCTATATCCTCT_L001_merged_trimmed_filtered;aDNA;21076-545;B02;NCBN001251-B10;4032057157;NBC.LAB.5454d;S-UPG91-rf1;0;Foraminifera spp.;-4.925;119.399;Indonesia;Makassar;NCBN001251;not available;not available;not available;EG019;COI;NXT-foramCOI_F;NXT-foramCOI_R;0.9;50;no data;no data;F02;EG007;C;500;10.6766;B11
e4032057157_NBCLAB5454e_S_UPG91_rf1_EG007_C_C12_POOL1_82054_131_TCGACGTCGTAAGGAG_L001_merged_trimmed_filtered;aDNA;21076-545;B02;NCBN001251-B10;4032057157;NBC.LAB.5454e;S-UPG91-rf1;0;Foraminifera spp.;-4.925;119.399;Indonesia;Makassar;NCBN001251;not available;not available;not available;EG019;COI;NXT-foramCOI_F;NXT-foramCOI_R;0.9;50;no data;no data;H03;EG007;C;501;9.4675;C12
e4032057157_NBCLAB5454f_S_UPG91_rf1_EG008_B_E1_POOL1_82054_4_TAAGGCGACTATTAAG_L001_merged_trimmed_filtered;aDNA;21076-545;B02;NCBN001251-B10;4032057157;NBC.LAB.5454f;S-UPG91-rf1;0;Foraminifera spp.;-4.925;119.399;Indonesia;Makassar;NCBN001251;not available;not available;not available;EG019;COI;NXT-foramCOI_F;NXT-foramCOI_R;0.9;50;no data;no data;B05;EG008;B;506;22.2919;E01
e4032057158_NBCLAB5462a_E_UPG90_12_EG007_C_G6_POOL1_82054_87_ATGCGCAGCGTCTAAT_L001_merged_trimmed_filtered;aDNA;21076-545;B03;NCBN001251-B11;4032057158;NBC.LAB.5462a;E-UPG90-12;0;Foraminifera spp.;-5.053;119.355;Indonesia;Makassar;NCBN001251;not available;not available;not available;EG017;COI;NXT-foramCOI_F;NXT-foramCOI_R;0.9;1;no data;no data;D02;EG007;C;507;10.1032;G06
e4032057158_NBCLAB5462b_E_UPG90_12_EG007_C_H8_POOL1_82054_104_ACTGAGCGTCTCTCCG_L001_merged_trimmed_filtered;aDNA;21076-545;B03;NCBN001251-B11;4032057158;NBC.LAB.5462b;E-UPG90-12;0;Foraminifera spp.;-5.053;119.355;Indonesia;Makassar;NCBN001251;not available;not available;not available;EG018;COI;NXT-foramCOI_F;NXT-foramCOI_R;0.9;10;no data;no data;D02;EG007;C;509;10.3827;H08
e4032057158_NBCLAB5462c_E_UPG90_12_EG008_B_E2_POOL1_82054_12_CGTACTAGCTATTAAG_L001_merged_trimmed_filtered;aDNA;21076-545;B03;NCBN001251-B11;4032057158;NBC.LAB.5462c;E-UPG90-12;0;Foraminifera spp.;-5.053;119.355;Indonesia;Makassar;NCBN001251;not available;not available;not available;EG020;COI;NXT-foramCOI_F;NXT-foramCOI_R;0.9;10;no data;no data;E01;EG008;B;513;25.4036;E02
e4032057158_NBCLAB5462d_E_UPG90_12_EG008_B_F2_POOL1_82054_13_CGTACTAGAAGGCTAT_L001_merged_trimmed_filtered;aDNA;21076-545;B03;NCBN001251-B11;4032057158;NBC.LAB.5462d;E-UPG90-12;0;Foraminifera spp.;-5.053;119.355;Indonesia;Makassar;NCBN001251;not available;not available;not available;EG020;COI;NXT-foramCOI_F;NXT-foramCOI_R;0.9;10;no data;no data;F01;EG008;B;513;17.9004;F02
e4032057158_NBCLAB5462e_E_UPG90_12_EG008_B_G2_POOL1_82054_14_CGTACTAGGAGCCTTA_L001_merged_trimmed_filtered;aDNA;21076-545;B03;NCBN001251-B11;4032057158;NBC.LAB.5462e;E-UPG90-12;0;Foraminifera spp.;-5.053;119.355;Indonesia;Makassar;NCBN001251;not available;not available;not available;EG020;COI;NXT-foramCOI_F;NXT-foramCOI_R;0.9;10;no data;no data;G01;EG008;B;517;14.6908;G02
e4032057158_NBCLAB5462f_E_UPG90_12_EG008_B_H2_POOL1_82054_15_CGTACTAGTTATGCGA_L001_merged_trimmed_filtered;aDNA;21076-545;B03;NCBN001251-B11;4032057158;NBC.LAB.5462f;E-UPG90-12;0;Foraminifera spp.;-5.053;119.355;Indonesia;Makassar;NCBN001251;not available;not available;not available;EG020;COI;NXT-foramCOI_F;NXT-foramCOI_R;0.9;10;no data;no data;H01;EG008;B;516;11.8572;H02
e4032057159_NBCLAB5470a_E_UPG82_rf3_EG007_C_D7_POOL1_82054_92_TAGCGCTCACTGCATA_L001_merged_trimmed_filtered;aDNA;21076-545;B04;NCBN001251-B12;4032057159;NBC.LAB.5470a;E-UPG82-rf3;0;Foraminifera spp.;-5.055;119.427;Indonesia;Makassar;NCBN001251;not available;not available;not available;EG017;COI;NXT-foramCOI_F;NXT-foramCOI_R;0.9;1;no data;no data;D03;EG007;C;507;7.6611;D07
e4032057159_NBCLAB5470b_E_UPG82_rf3_EG007_C_F9_POOL1_82054_110_CCTAAGACCTAAGCCT_L001_merged_trimmed_filtered;aDNA;21076-545;B04;NCBN001251-B12;4032057159;NBC.LAB.5470b;E-UPG82-rf3;0;Foraminifera spp.;-5.055;119.427;Indonesia;Makassar;NCBN001251;not available;not available;not available;EG018;COI;NXT-foramCOI_F;NXT-foramCOI_R;0.9;10;no data;no data;D03;EG007;C;511;11.221;F09
e4032057159_NBCLAB5470c_E_UPG82_rf3_EG008_B_C5_POOL1_82054_34_GGACTCCTCCTAGAGT_L001_merged_trimmed_filtered;aDNA;21076-545;B04;NCBN001251-B12;4032057159;NBC.LAB.5470c;E-UPG82-rf3;0;Foraminifera spp.;-5.055;119.427;Indonesia;Makassar;NCBN001251;not available;not available;not available;EG020;COI;NXT-foramCOI_F;NXT-foramCOI_R;0.9;10;no data;no data;E05;EG008;B;508;28.2115;C05
e4032057159_NBCLAB5470d_E_UPG82_rf3_EG008_B_D5_POOL1_82054_35_GGACTCCTGCGTAAGA_L001_merged_trimmed_filtered;aDNA;21076-545;B04;NCBN001251-B12;4032057159;NBC.LAB.5470d;E-UPG82-rf3;0;Foraminifera spp.;-5.055;119.427;Indonesia;Makassar;NCBN001251;not available;not available;not available;EG020;COI;NXT-foramCOI_F;NXT-foramCOI_R;0.9;10;no data;no data;F05;EG008;B;493;28;D05
e4032057159_NBCLAB5470e_E_UPG82_rf3_EG008_B_E5_POOL1_82054_36_GGACTCCTCTATTAAG_L001_merged_trimmed_filtered;aDNA;21076-545;B04;NCBN001251-B12;4032057159;NBC.LAB.5470e;E-UPG82-rf3;0;Foraminifera spp.;-5.055;119.427;Indonesia;Makassar;NCBN001251;not available;not available;not available;EG020;COI;NXT-foramCOI_F;NXT-foramCOI_R;0.9;10;no data;no data;G05;EG008;B;507;28.8835;E05
e4032057159_NBCLAB5470f_E_UPG82_rf3_EG008_B_F5_POOL1_82054_37_GGACTCCTAAGGCTAT_L001_merged_trimmed_filtered;aDNA;21076-545;B04;NCBN001251-B12;4032057159;NBC.LAB.5470f;E-UPG82-rf3;0;Foraminifera spp.;-5.055;119.427;Indonesia;Makassar;NCBN001251;not available;not available;not available;EG020;COI;NXT-foramCOI_F;NXT-foramCOI_R;0.9;10;no data;no data;H05;EG008;B;506;27.2622;F05
e4032057168_NBCLAB5353a_Mock3_EG007_C_C1_POOL1_82054_43_ACTCGCTAGTAAGGAG_L001_merged_trimmed_filtered;aDNA;21076-545;C01;NCBN001251-C09;4032057168;NBC.LAB.5353a;Mock3;0;;missing data;missing data;Indonesia;Makassar;NCBN001251;not available;not available;not available;EG015;COI;NXT-foramCOI_F;NXT-foramCOI_R;0.9;1;no data;no data;C01;EG007;C;495;20.3223;C01
e4032057168_NBCLAB5353b_Mock3_EG007_C_D3_POOL1_82054_60_GCGTAGTAACTGCATA_L001_merged_trimmed_filtered;aDNA;21076-545;C01;NCBN001251-C09;4032057168;NBC.LAB.5353b;Mock3;0;;missing data;missing data;Indonesia;Makassar;NCBN001251;not available;not available;not available;EG016;COI;NXT-foramCOI_F;NXT-foramCOI_R;0.9;1;no data;no data;C01;EG007;C;498;14.7946;D03
e4032057168_NBCLAB5353c_Mock3_EG007_C_B4_POOL1_82054_66_CGGAGCCTTATCCTCT_L001_merged_trimmed_filtered;aDNA;21076-545;C01;NCBN001251-C09;4032057168;NBC.LAB.5353c;Mock3;0;;missing data;missing data;Indonesia;Makassar;NCBN001251;not available;not available;not available;EG016;COI;NXT-foramCOI_F;NXT-foramCOI_R;0.9;1;no data;no data;A02;EG007;C;495;14.8032;B04
e4032057168_NBCLAB5353d_Mock3_EG007_C_H4_POOL1_82054_72_CGGAGCCTTCTCTCCG_L001_merged_trimmed_filtered;aDNA;21076-545;C01;NCBN001251-C09;4032057168;NBC.LAB.5353d;Mock3;0;;missing data;missing data;Indonesia;Makassar;NCBN001251;not available;not available;not available;EG016;COI;NXT-foramCOI_F;NXT-foramCOI_R;0.9;1;no data;no data;G02;EG007;C;503;12.8981;H04
e4032057168_NBCLAB5353e_Mock3_EG007_C_F5_POOL1_82054_78_TACGCTGCCTAAGCCT_L001_merged_trimmed_filtered;aDNA;21076-545;C01;NCBN001251-C09;4032057168;NBC.LAB.5353e;Mock3;0;;missing data;missing data;Indonesia;Makassar;NCBN001251;not available;not available;not available;EG016;COI;NXT-foramCOI_F;NXT-foramCOI_R;0.9;1;no data;no data;E03;EG007;C;496;12.6917;F05
e4032057169_NBCLAB5455a_S_UPG92_rf1_EG007_C_C2_POOL1_82054_51_GGAGCTACGTAAGGAG_L001_merged_trimmed_filtered;aDNA;21076-545;C02;NCBN001251-C10;4032057169;NBC.LAB.5455a;S-UPG92-rf1;0;Foraminifera spp.;-4.969;119.328;Indonesia;Makassar;NCBN001251;not available;not available;not available;EG015;COI;NXT-foramCOI_F;NXT-foramCOI_R;0.9;1;no data;no data;C02;EG007;C;505;10.1917;C02
e4032057169_NBCLAB5455b_S_UPG92_rf1_EG007_C_E6_POOL1_82054_85_ATGCGCAGAAGGAGTA_L001_merged_trimmed_filtered;aDNA;21076-545;C02;NCBN001251-C10;4032057169;NBC.LAB.5455b;S-UPG92-rf1;0;Foraminifera spp.;-4.969;119.328;Indonesia;Makassar;NCBN001251;not available;not available;not available;EG017;COI;NXT-foramCOI_F;NXT-foramCOI_R;0.9;1;no data;no data;E01;EG007;C;493;11.2431;E06
e4032057169_NBCLAB5455c_S_UPG92_rf1_EG007_C_A8_POOL1_82054_97_ACTGAGCGCTCTCTAT_L001_merged_trimmed_filtered;aDNA;21076-545;C02;NCBN001251-C10;4032057169;NBC.LAB.5455c;S-UPG92-rf1;0;Foraminifera spp.;-4.969;119.328;Indonesia;Makassar;NCBN001251;not available;not available;not available;EG018;COI;NXT-foramCOI_F;NXT-foramCOI_R;0.9;10;no data;no data;E01;EG007;C;495;9.3469;A08
e4032057169_NBCLAB5455d_S_UPG92_rf1_EG007_C_B10_POOL1_82054_114_CGATCAGTTATCCTCT_L001_merged_trimmed_filtered;aDNA;21076-545;C02;NCBN001251-C10;4032057169;NBC.LAB.5455d;S-UPG92-rf1;0;Foraminifera spp.;-4.969;119.328;Indonesia;Makassar;NCBN001251;not available;not available;not available;EG019;COI;NXT-foramCOI_F;NXT-foramCOI_R;0.9;50;no data;no data;E01;EG007;C;497;4.9756;B10
e4032057169_NBCLAB5455e_S_UPG92_rf1_EG007_C_C11_POOL1_82054_123_TGCAGCTAGTAAGGAG_L001_merged_trimmed_filtered;aDNA;21076-545;C02;NCBN001251-C10;4032057169;NBC.LAB.5455e;S-UPG92-rf1;0;Foraminifera spp.;-4.969;119.328;Indonesia;Makassar;NCBN001251;not available;not available;not available;EG019;COI;NXT-foramCOI_F;NXT-foramCOI_R;0.9;50;no data;no data;G02;EG007;C;511;8.8022;C11
e4032057169_NBCLAB5455f_S_UPG92_rf1_EG007_C_D12_POOL1_82054_132_TCGACGTCACTGCATA_L001_merged_trimmed_filtered;aDNA;21076-545;C02;NCBN001251-C10;4032057169;NBC.LAB.5455f;S-UPG92-rf1;0;Foraminifera spp.;-4.969;119.328;Indonesia;Makassar;NCBN001251;not available;not available;not available;EG019;COI;NXT-foramCOI_F;NXT-foramCOI_R;0.9;50;no data;no data;A04;EG007;C;502;11.8144;D12
e4032057169_NBCLAB5455g_S_UPG92_rf1_EG008_B_F1_POOL1_82054_5_TAAGGCGAAAGGCTAT_L001_merged_trimmed_filtered;aDNA;21076-545;C02;NCBN001251-C10;4032057169;NBC.LAB.5455g;S-UPG92-rf1;0;Foraminifera spp.;-4.969;119.328;Indonesia;Makassar;NCBN001251;not available;not available;not available;EG019;COI;NXT-foramCOI_F;NXT-foramCOI_R;0.9;50;no data;no data;C05;EG008;B;496;25.4385;F01
e4032057170_NBCLAB5463a_E_UPG90_15_EG007_C_H2_POOL1_82054_56_GGAGCTACTCTCTCCG_L001_merged_trimmed_filtered;aDNA;21076-545;C03;NCBN001251-C11;4032057170;NBC.LAB.5463a;E-UPG90-15;0;Foraminifera spp.;-5.053;119.355;Indonesia;Makassar;NCBN001251;not available;not available;not available;EG015;COI;NXT-foramCOI_F;NXT-foramCOI_R;0.9;1;no data;no data;C03;EG007;C;505;8.8565;H02
e4032057170_NBCLAB5463b_E_UPG90_15_EG007_C_H6_POOL1_82054_88_ATGCGCAGTCTCTCCG_L001_merged_trimmed_filtered;aDNA;21076-545;C03;NCBN001251-C11;4032057170;NBC.LAB.5463b;E-UPG90-15;0;Foraminifera spp.;-5.053;119.355;Indonesia;Makassar;NCBN001251;not available;not available;not available;EG017;COI;NXT-foramCOI_F;NXT-foramCOI_R;0.9;1;no data;no data;E02;EG007;C;506;10.1198;H06
e4032057170_NBCLAB5463c_E_UPG90_15_EG008_B_A3_POOL1_82054_16_AGGCAGAATCGACTAG_L001_merged_trimmed_filtered;aDNA;21076-545;C03;NCBN001251-C11;4032057170;NBC.LAB.5463c;E-UPG90-15;0;Foraminifera spp.;-5.053;119.355;Indonesia;Makassar;NCBN001251;not available;not available;not available;EG020;COI;NXT-foramCOI_F;NXT-foramCOI_R;0.9;10;no data;no data;A02;EG008;B;507;25.0584;A03
e4032057170_NBCLAB5463d_E_UPG90_15_EG008_B_B3_POOL1_82054_17_AGGCAGAATTCTAGCT_L001_merged_trimmed_filtered;aDNA;21076-545;C03;NCBN001251-C11;4032057170;NBC.LAB.5463d;E-UPG90-15;0;Foraminifera spp.;-5.053;119.355;Indonesia;Makassar;NCBN001251;not available;not available;not available;EG020;COI;NXT-foramCOI_F;NXT-foramCOI_R;0.9;10;no data;no data;B02;EG008;B;507;25.2376;B03
e4032057170_NBCLAB5463e_E_UPG90_15_EG008_B_C3_POOL1_82054_18_AGGCAGAACCTAGAGT_L001_merged_trimmed_filtered;aDNA;21076-545;C03;NCBN001251-C11;4032057170;NBC.LAB.5463e;E-UPG90-15;0;Foraminifera spp.;-5.053;119.355;Indonesia;Makassar;NCBN001251;not available;not available;not available;EG020;COI;NXT-foramCOI_F;NXT-foramCOI_R;0.9;10;no data;no data;C02;EG008;B;505;27.57;C03
e4032057170_NBCLAB5463f_E_UPG90_15_EG008_B_D3_POOL1_82054_19_AGGCAGAAGCGTAAGA_L001_merged_trimmed_filtered;aDNA;21076-545;C03;NCBN001251-C11;4032057170;NBC.LAB.5463f;E-UPG90-15;0;Foraminifera spp.;-5.053;119.355;Indonesia;Makassar;NCBN001251;not available;not available;not available;EG020;COI;NXT-foramCOI_F;NXT-foramCOI_R;0.9;10;no data;no data;D02;EG008;B;503;25.449;D03
e4032057180_NBCLAB5354a_Mock4_EG007_C_D1_POOL1_82054_44_ACTCGCTAACTGCATA_L001_merged_trimmed_filtered;aDNA;21076-545;D01;NCBN001251-D09;4032057180;NBC.LAB.5354a;Mock4;0;;missing data;missing data;Indonesia;Makassar;NCBN001251;not available;not available;not available;EG015;COI;NXT-foramCOI_F;NXT-foramCOI_R;0.9;1;no data;no data;D01;EG007;C;493;19.4857;D01
e4032057180_NBCLAB5354b_Mock4_EG007_C_E3_POOL1_82054_61_GCGTAGTAAAGGAGTA_L001_merged_trimmed_filtered;aDNA;21076-545;D01;NCBN001251-D09;4032057180;NBC.LAB.5354b;Mock4;0;;missing data;missing data;Indonesia;Makassar;NCBN001251;not available;not available;not available;EG016;COI;NXT-foramCOI_F;NXT-foramCOI_R;0.9;1;no data;no data;D01;EG007;C;494;17.0745;E03
e4032057180_NBCLAB5354c_Mock4_EG007_C_C4_POOL1_82054_67_CGGAGCCTGTAAGGAG_L001_merged_trimmed_filtered;aDNA;21076-545;D01;NCBN001251-D09;4032057180;NBC.LAB.5354c;Mock4;0;;missing data;missing data;Indonesia;Makassar;NCBN001251;not available;not available;not available;EG016;COI;NXT-foramCOI_F;NXT-foramCOI_R;0.9;1;no data;no data;B02;EG007;C;496;12.8659;C04
e4032057180_NBCLAB5354d_Mock4_EG007_C_A5_POOL1_82054_73_TACGCTGCCTCTCTAT_L001_merged_trimmed_filtered;aDNA;21076-545;D01;NCBN001251-D09;4032057180;NBC.LAB.5354d;Mock4;0;;missing data;missing data;Indonesia;Makassar;NCBN001251;not available;not available;not available;EG016;COI;NXT-foramCOI_F;NXT-foramCOI_R;0.9;1;no data;no data;H02;EG007;C;497;17.4722;A05
e4032057180_NBCLAB5354e_Mock4_EG007_C_G5_POOL1_82054_79_TACGCTGCCGTCTAAT_L001_merged_trimmed_filtered;aDNA;21076-545;D01;NCBN001251-D09;4032057180;NBC.LAB.5354e;Mock4;0;;missing data;missing data;Indonesia;Makassar;NCBN001251;not available;not available;not available;EG016;COI;NXT-foramCOI_F;NXT-foramCOI_R;0.9;1;no data;no data;F03;EG007;C;505;12.6137;G05
e4032057181_NBCLAB5456a_S_UPG92_rf2_EG007_C_B8_POOL1_82054_98_ACTGAGCGTATCCTCT_L001_merged_trimmed_filtered;aDNA;21076-545;D02;NCBN001251-D10;4032057181;NBC.LAB.5456a;S-UPG92-rf2;0;Foraminifera spp.;-4.969;119.328;Indonesia;Makassar;NCBN001251;not available;not available;not available;EG018;COI;NXT-foramCOI_F;NXT-foramCOI_R;0.9;10;no data;no data;F01;EG007;C;496;13.1426;B08
e4032057181_NBCLAB5456b_S_UPG92_rf2_EG007_C_C10_POOL1_82054_115_CGATCAGTGTAAGGAG_L001_merged_trimmed_filtered;aDNA;21076-545;D02;NCBN001251-D10;4032057181;NBC.LAB.5456b;S-UPG92-rf2;0;Foraminifera spp.;-4.969;119.328;Indonesia;Makassar;NCBN001251;not available;not available;not available;EG019;COI;NXT-foramCOI_F;NXT-foramCOI_R;0.9;50;no data;no data;F01;EG007;C;496;9.1963;C10
e4032057181_NBCLAB5456c_S_UPG92_rf2_EG007_C_D11_POOL1_82054_124_TGCAGCTAACTGCATA_L001_merged_trimmed_filtered;aDNA;21076-545;D02;NCBN001251-D10;4032057181;NBC.LAB.5456c;S-UPG92-rf2;0;Foraminifera spp.;-4.969;119.328;Indonesia;Makassar;NCBN001251;not available;not available;not available;EG019;COI;NXT-foramCOI_F;NXT-foramCOI_R;0.9;50;no data;no data;H02;EG007;C;497;10.9889;D11
e4032057181_NBCLAB5456d_S_UPG92_rf2_EG007_C_E12_POOL1_82054_133_TCGACGTCAAGGAGTA_L001_merged_trimmed_filtered;aDNA;21076-545;D02;NCBN001251-D10;4032057181;NBC.LAB.5456d;S-UPG92-rf2;0;Foraminifera spp.;-4.969;119.328;Indonesia;Makassar;NCBN001251;not available;not available;not available;EG019;COI;NXT-foramCOI_F;NXT-foramCOI_R;0.9;50;no data;no data;B04;EG007;C;497;12.6524;E12
e4032057181_NBCLAB5456e_S_UPG92_rf2_EG008_B_G1_POOL1_82054_6_TAAGGCGAGAGCCTTA_L001_merged_trimmed_filtered;aDNA;21076-545;D02;NCBN001251-D10;4032057181;NBC.LAB.5456e;S-UPG92-rf2;0;Foraminifera spp.;-4.969;119.328;Indonesia;Makassar;NCBN001251;not available;not available;not available;EG019;COI;NXT-foramCOI_F;NXT-foramCOI_R;0.9;50;no data;no data;D05;EG008;B;513;24.1982;G01
e4032057182_NBCLAB5464a_E_UPG91_rf1_EG007_C_A9_POOL1_82054_105_CCTAAGACCTCTCTAT_L001_merged_trimmed_filtered;aDNA;21076-545;D03;NCBN001251-D11;4032057182;NBC.LAB.5464a;E-UPG91-rf1;0;Foraminifera spp.;-4.925;119.399;Indonesia;Makassar;NCBN001251;not available;not available;not available;EG018;COI;NXT-foramCOI_F;NXT-foramCOI_R;0.9;10;no data;no data;F02;EG007;C;516;8.3385;A09
e4032057182_NBCLAB5464b_E_UPG91_rf1_EG008_B_E3_POOL1_82054_20_AGGCAGAACTATTAAG_L001_merged_trimmed_filtered;aDNA;21076-545;D03;NCBN001251-D11;4032057182;NBC.LAB.5464b;E-UPG91-rf1;0;Foraminifera spp.;-4.925;119.399;Indonesia;Makassar;NCBN001251;not available;not available;not available;EG020;COI;NXT-foramCOI_F;NXT-foramCOI_R;0.9;10;no data;no data;E02;EG008;B;509;26.4021;E03
e4032057182_NBCLAB5464c_E_UPG91_rf1_EG008_B_F3_POOL1_82054_21_AGGCAGAAAAGGCTAT_L001_merged_trimmed_filtered;aDNA;21076-545;D03;NCBN001251-D11;4032057182;NBC.LAB.5464c;E-UPG91-rf1;0;Foraminifera spp.;-4.925;119.399;Indonesia;Makassar;NCBN001251;not available;not available;not available;EG020;COI;NXT-foramCOI_F;NXT-foramCOI_R;0.9;10;no data;no data;G02;EG008;B;506;31.0536;F03
e4032057192_NBCLAB5166a_Mock5_EG007_C_E1_POOL1_82054_45_ACTCGCTAAAGGAGTA_L001_merged_trimmed_filtered;aDNA;21076-545;E01;NCBN001251-E09;4032057192;NBC.LAB.5166a;Mock5;0;;missing data;missing data;Indonesia;Makassar;NCBN001251;not available;not available;not available;EG015;COI;NXT-foramCOI_F;NXT-foramCOI_R;0.9;1;no data;no data;E01;EG007;C;496;21.2461;E01
e4032057192_NBCLAB5166b_Mock5_EG007_C_F3_POOL1_82054_62_GCGTAGTACTAAGCCT_L001_merged_trimmed_filtered;aDNA;21076-545;E01;NCBN001251-E09;4032057192;NBC.LAB.5166b;Mock5;0;;missing data;missing data;Indonesia;Makassar;NCBN001251;not available;not available;not available;EG016;COI;NXT-foramCOI_F;NXT-foramCOI_R;0.9;1;no data;no data;E01;EG007;C;491;24.0069;F03
e4032057192_NBCLAB5166c_Mock5_EG007_C_D4_POOL1_82054_68_CGGAGCCTACTGCATA_L001_merged_trimmed_filtered;aDNA;21076-545;E01;NCBN001251-E09;4032057192;NBC.LAB.5166c;Mock5;0;;missing data;missing data;Indonesia;Makassar;NCBN001251;not available;not available;not available;EG016;COI;NXT-foramCOI_F;NXT-foramCOI_R;0.9;1;no data;no data;C02;EG007;C;498;15.4433;D04
e4032057192_NBCLAB5166d_Mock5_EG007_C_B5_POOL1_82054_74_TACGCTGCTATCCTCT_L001_merged_trimmed_filtered;aDNA;21076-545;E01;NCBN001251-E09;4032057192;NBC.LAB.5166d;Mock5;0;;missing data;missing data;Indonesia;Makassar;NCBN001251;not available;not available;not available;EG016;COI;NXT-foramCOI_F;NXT-foramCOI_R;0.9;1;no data;no data;A03;EG007;C;497;15.4495;B05
e4032057192_NBCLAB5166e_Mock5_EG007_C_H5_POOL1_82054_80_TACGCTGCTCTCTCCG_L001_merged_trimmed_filtered;aDNA;21076-545;E01;NCBN001251-E09;4032057192;NBC.LAB.5166e;Mock5;0;;missing data;missing data;Indonesia;Makassar;NCBN001251;not available;not available;not available;EG016;COI;NXT-foramCOI_F;NXT-foramCOI_R;0.9;1;no data;no data;G03;EG007;C;498;13.6264;H05
e4032057193_NBCLAB5457a_S_UPG92_rf3_EG007_C_C8_POOL1_82054_99_ACTGAGCGGTAAGGAG_L001_merged_trimmed_filtered;aDNA;21076-545;E02;NCBN001251-E10;4032057193;NBC.LAB.5457a;S-UPG92-rf3;0;Foraminifera spp.;-4.969;119.328;Indonesia;Makassar;NCBN001251;not available;not available;not available;EG018;COI;NXT-foramCOI_F;NXT-foramCOI_R;0.9;10;no data;no data;G01;EG007;C;501;8.8533;C08
e4032057193_NBCLAB5457b_S_UPG92_rf3_EG007_C_D10_POOL1_82054_116_CGATCAGTACTGCATA_L001_merged_trimmed_filtered;aDNA;21076-545;E02;NCBN001251-E10;4032057193;NBC.LAB.5457b;S-UPG92-rf3;0;Foraminifera spp.;-4.969;119.328;Indonesia;Makassar;NCBN001251;not available;not available;not available;EG019;COI;NXT-foramCOI_F;NXT-foramCOI_R;0.9;50;no data;no data;G01;EG007;C;498;8.7261;D10
e4032057193_NBCLAB5457c_S_UPG92_rf3_EG007_C_E11_POOL1_82054_125_TGCAGCTAAAGGAGTA_L001_merged_trimmed_filtered;aDNA;21076-545;E02;NCBN001251-E10;4032057193;NBC.LAB.5457c;S-UPG92-rf3;0;Foraminifera spp.;-4.969;119.328;Indonesia;Makassar;NCBN001251;not available;not available;not available;EG019;COI;NXT-foramCOI_F;NXT-foramCOI_R;0.9;50;no data;no data;A03;EG007;C;497;9.4354;E11
e4032057193_NBCLAB5457d_S_UPG92_rf3_EG007_C_F12_POOL1_82054_134_TCGACGTCCTAAGCCT_L001_merged_trimmed_filtered;aDNA;21076-545;E02;NCBN001251-E10;4032057193;NBC.LAB.5457d;S-UPG92-rf3;0;Foraminifera spp.;-4.969;119.328;Indonesia;Makassar;NCBN001251;not available;not available;not available;EG019;COI;NXT-foramCOI_F;NXT-foramCOI_R;0.9;50;no data;no data;C04;EG007;C;502;9.5736;F12
e4032057193_NBCLAB5457e_S_UPG92_rf3_EG008_B_H1_POOL1_82054_7_TAAGGCGATTATGCGA_L001_merged_trimmed_filtered;aDNA;21076-545;E02;NCBN001251-E10;4032057193;NBC.LAB.5457e;S-UPG92-rf3;0;Foraminifera spp.;-4.969;119.328;Indonesia;Makassar;NCBN001251;not available;not available;not available;EG019;COI;NXT-foramCOI_F;NXT-foramCOI_R;0.9;50;no data;no data;E05;EG008;B;505;24.8014;H01
e4032057194_NBCLAB5465a_E_UPG92_rf1_EG007_C_A7_POOL1_82054_89_TAGCGCTCCTCTCTAT_L001_merged_trimmed_filtered;aDNA;21076-545;E03;NCBN001251-E11;4032057194;NBC.LAB.5465a;E-UPG92-rf1;0;Foraminifera spp.;-4.969;119.328;Indonesia;Makassar;NCBN001251;not available;not available;not available;EG017;COI;NXT-foramCOI_F;NXT-foramCOI_R;0.9;1;no data;no data;G02;EG007;C;508;6.6553;A07
e4032057194_NBCLAB5465b_E_UPG92_rf1_EG007_C_B9_POOL1_82054_106_CCTAAGACTATCCTCT_L001_merged_trimmed_filtered;aDNA;21076-545;E03;NCBN001251-E11;4032057194;NBC.LAB.5465b;E-UPG92-rf1;0;Foraminifera spp.;-4.969;119.328;Indonesia;Makassar;NCBN001251;not available;not available;not available;EG018;COI;NXT-foramCOI_F;NXT-foramCOI_R;0.9;10;no data;no data;G02;EG007;C;508;13.1674;B09
e4032057194_NBCLAB5465c_E_UPG92_rf1_EG008_B_G3_POOL1_82054_22_AGGCAGAAGAGCCTTA_L001_merged_trimmed_filtered;aDNA;21076-545;E03;NCBN001251-E11;4032057194;NBC.LAB.5465c;E-UPG92-rf1;0;Foraminifera spp.;-4.969;119.328;Indonesia;Makassar;NCBN001251;not available;not available;not available;EG020;COI;NXT-foramCOI_F;NXT-foramCOI_R;0.9;10;no data;no data;A03;EG008;B;507;39.2502;G03
e4032057194_NBCLAB5465d_E_UPG92_rf1_EG008_B_H3_POOL1_82054_23_AGGCAGAATTATGCGA_L001_merged_trimmed_filtered;aDNA;21076-545;E03;NCBN001251-E11;4032057194;NBC.LAB.5465d;E-UPG92-rf1;0;Foraminifera spp.;-4.969;119.328;Indonesia;Makassar;NCBN001251;not available;not available;not available;EG020;COI;NXT-foramCOI_F;NXT-foramCOI_R;0.9;10;no data;no data;B03;EG008;B;506;26.7954;H03
e4032057194_NBCLAB5465e_E_UPG92_rf1_EG008_B_A4_POOL1_82054_24_TCCTGAGCTCGACTAG_L001_merged_trimmed_filtered;aDNA;21076-545;E03;NCBN001251-E11;4032057194;NBC.LAB.5465e;E-UPG92-rf1;0;Foraminifera spp.;-4.969;119.328;Indonesia;Makassar;NCBN001251;not available;not available;not available;EG020;COI;NXT-foramCOI_F;NXT-foramCOI_R;0.9;10;no data;no data;C03;EG008;B;514;28.4791;A04
e4032057194_NBCLAB5465f_E_UPG92_rf1_EG008_B_B4_POOL1_82054_25_TCCTGAGCTTCTAGCT_L001_merged_trimmed_filtered;aDNA;21076-545;E03;NCBN001251-E11;4032057194;NBC.LAB.5465f;E-UPG92-rf1;0;Foraminifera spp.;-4.969;119.328;Indonesia;Makassar;NCBN001251;not available;not available;not available;EG020;COI;NXT-foramCOI_F;NXT-foramCOI_R;0.9;10;no data;no data;D03;EG008;B;514;33.9102;B04
e4032057204_NBCLAB5450a_Mock6_EG007_C_F1_POOL1_82054_46_ACTCGCTACTAAGCCT_L001_merged_trimmed_filtered;aDNA;21076-545;F01;NCBN001251-F09;4032057204;NBC.LAB.5450a;Mock6;0;;missing data;missing data;Indonesia;Makassar;NCBN001251;not available;not available;not available;EG015;COI;NXT-foramCOI_F;NXT-foramCOI_R;0.9;1;no data;no data;F01;EG007;C;484;27.4389;F01
e4032057204_NBCLAB5450b_Mock6_EG007_C_G3_POOL1_82054_63_GCGTAGTACGTCTAAT_L001_merged_trimmed_filtered;aDNA;21076-545;F01;NCBN001251-F09;4032057204;NBC.LAB.5450b;Mock6;0;;missing data;missing data;Indonesia;Makassar;NCBN001251;not available;not available;not available;EG016;COI;NXT-foramCOI_F;NXT-foramCOI_R;0.9;1;no data;no data;F01;EG007;C;499;20.9586;G03
e4032057204_NBCLAB5450c_Mock6_EG007_C_E4_POOL1_82054_69_CGGAGCCTAAGGAGTA_L001_merged_trimmed_filtered;aDNA;21076-545;F01;NCBN001251-F09;4032057204;NBC.LAB.5450c;Mock6;0;;missing data;missing data;Indonesia;Makassar;NCBN001251;not available;not available;not available;EG016;COI;NXT-foramCOI_F;NXT-foramCOI_R;0.9;1;no data;no data;D02;EG007;C;505;11.8143;E04
e4032057204_NBCLAB5450d_Mock6_EG007_C_C5_POOL1_82054_75_TACGCTGCGTAAGGAG_L001_merged_trimmed_filtered;aDNA;21076-545;F01;NCBN001251-F09;4032057204;NBC.LAB.5450d;Mock6;0;;missing data;missing data;Indonesia;Makassar;NCBN001251;not available;not available;not available;EG016;COI;NXT-foramCOI_F;NXT-foramCOI_R;0.9;1;no data;no data;B03;EG007;C;499;13.295;C05
e4032057204_NBCLAB5450e_Mock6_EG007_C_A6_POOL1_82054_81_ATGCGCAGCTCTCTAT_L001_merged_trimmed_filtered;aDNA;21076-545;F01;NCBN001251-F09;4032057204;NBC.LAB.5450e;Mock6;0;;missing data;missing data;Indonesia;Makassar;NCBN001251;not available;not available;not available;EG016;COI;NXT-foramCOI_F;NXT-foramCOI_R;0.9;1;no data;no data;H03;EG007;C;496;20.6076;A06
e4032057205_NBCLAB5458a_S_UPG82_rf1_EG007_C_D2_POOL1_82054_52_GGAGCTACACTGCATA_L001_merged_trimmed_filtered;aDNA;21076-545;F02;NCBN001251-F10;4032057205;NBC.LAB.5458a;S-UPG82-rf1;0;Foraminifera spp.;-5.055;119.427;Indonesia;Makassar;NCBN001251;not available;not available;not available;EG015;COI;NXT-foramCOI_F;NXT-foramCOI_R;0.9;1;no data;no data;F02;EG007;C;503;10.0946;D02
e4032057205_NBCLAB5458b_S_UPG82_rf1_EG007_C_D8_POOL1_82054_100_ACTGAGCGACTGCATA_L001_merged_trimmed_filtered;aDNA;21076-545;F02;NCBN001251-F10;4032057205;NBC.LAB.5458b;S-UPG82-rf1;0;Foraminifera spp.;-5.055;119.427;Indonesia;Makassar;NCBN001251;not available;not available;not available;EG018;COI;NXT-foramCOI_F;NXT-foramCOI_R;0.9;10;no data;no data;H01;EG007;C;499;7.8744;D08
e4032057205_NBCLAB5458c_S_UPG82_rf1_EG007_C_E10_POOL1_82054_117_CGATCAGTAAGGAGTA_L001_merged_trimmed_filtered;aDNA;21076-545;F02;NCBN001251-F10;4032057205;NBC.LAB.5458c;S-UPG82-rf1;0;Foraminifera spp.;-5.055;119.427;Indonesia;Makassar;NCBN001251;not available;not available;not available;EG019;COI;NXT-foramCOI_F;NXT-foramCOI_R;0.9;50;no data;no data;H01;EG007;C;489;7.3329;E10
e4032057205_NBCLAB5458d_S_UPG82_rf1_EG007_C_F11_POOL1_82054_126_TGCAGCTACTAAGCCT_L001_merged_trimmed_filtered;aDNA;21076-545;F02;NCBN001251-F10;4032057205;NBC.LAB.5458d;S-UPG82-rf1;0;Foraminifera spp.;-5.055;119.427;Indonesia;Makassar;NCBN001251;not available;not available;not available;EG019;COI;NXT-foramCOI_F;NXT-foramCOI_R;0.9;50;no data;no data;B03;EG007;C;497;9.6311;F11
e4032057205_NBCLAB5458e_S_UPG82_rf1_EG007_C_G12_POOL1_82054_135_TCGACGTCCGTCTAAT_L001_merged_trimmed_filtered;aDNA;21076-545;F02;NCBN001251-F10;4032057205;NBC.LAB.5458e;S-UPG82-rf1;0;Foraminifera spp.;-5.055;119.427;Indonesia;Makassar;NCBN001251;not available;not available;not available;EG019;COI;NXT-foramCOI_F;NXT-foramCOI_R;0.9;50;no data;no data;D04;EG007;C;494;8.9494;G12
e4032057205_NBCLAB5458f_S_UPG82_rf1_EG008_B_A2_POOL1_82054_8_CGTACTAGTCGACTAG_L001_merged_trimmed_filtered;aDNA;21076-545;F02;NCBN001251-F10;4032057205;NBC.LAB.5458f;S-UPG82-rf1;0;Foraminifera spp.;-5.055;119.427;Indonesia;Makassar;NCBN001251;not available;not available;not available;EG019;COI;NXT-foramCOI_F;NXT-foramCOI_R;0.9;50;no data;no data;F05;EG008;B;504;21.9501;A02
e4032057206_NBCLAB5466a_E_UPG92_rf2_EG007_C_C9_POOL1_82054_107_CCTAAGACGTAAGGAG_L001_merged_trimmed_filtered;aDNA;21076-545;F03;NCBN001251-F11;4032057206;NBC.LAB.5466a;E-UPG92-rf2;0;Foraminifera spp.;-4.969;119.328;Indonesia;Makassar;NCBN001251;not available;not available;not available;EG018;COI;NXT-foramCOI_F;NXT-foramCOI_R;0.9;10;no data;no data;H02;EG007;C;513;9.2752;C09
e4032057206_NBCLAB5466b_E_UPG92_rf2_EG008_B_C4_POOL1_82054_26_TCCTGAGCCCTAGAGT_L001_merged_trimmed_filtered;aDNA;21076-545;F03;NCBN001251-F11;4032057206;NBC.LAB.5466b;E-UPG92-rf2;0;Foraminifera spp.;-4.969;119.328;Indonesia;Makassar;NCBN001251;not available;not available;not available;EG020;COI;NXT-foramCOI_F;NXT-foramCOI_R;0.9;10;no data;no data;E03;EG008;B;509;29.9978;C04
e4032057206_NBCLAB5466c_E_UPG92_rf2_EG008_B_D4_POOL1_82054_27_TCCTGAGCGCGTAAGA_L001_merged_trimmed_filtered;aDNA;21076-545;F03;NCBN001251-F11;4032057206;NBC.LAB.5466c;E-UPG92-rf2;0;Foraminifera spp.;-4.969;119.328;Indonesia;Makassar;NCBN001251;not available;not available;not available;EG020;COI;NXT-foramCOI_F;NXT-foramCOI_R;0.9;10;no data;no data;F03;EG008;B;508;28.4671;D04
e4032057206_NBCLAB5466d_E_UPG92_rf2_EG008_B_E4_POOL1_82054_28_TCCTGAGCCTATTAAG_L001_merged_trimmed_filtered;aDNA;21076-545;F03;NCBN001251-F11;4032057206;NBC.LAB.5466d;E-UPG92-rf2;0;Foraminifera spp.;-4.969;119.328;Indonesia;Makassar;NCBN001251;not available;not available;not available;EG020;COI;NXT-foramCOI_F;NXT-foramCOI_R;0.9;10;no data;no data;G03;EG008;B;513;28.7103;E04
e4032057206_NBCLAB5466e_E_UPG92_rf2_EG008_B_F4_POOL1_82054_29_TCCTGAGCAAGGCTAT_L001_merged_trimmed_filtered;aDNA;21076-545;F03;NCBN001251-F11;4032057206;NBC.LAB.5466e;E-UPG92-rf2;0;Foraminifera spp.;-4.969;119.328;Indonesia;Makassar;NCBN001251;not available;not available;not available;EG020;COI;NXT-foramCOI_F;NXT-foramCOI_R;0.9;10;no data;no data;H03;EG008;B;511;34.6848;F04
e4032057216_NBCLAB5451a_S_UPG90_6_EG007_C_G1_POOL1_82054_47_ACTCGCTACGTCTAAT_L001_merged_trimmed_filtered;aDNA;21076-545;G01;NCBN001251-G09;4032057216;NBC.LAB.5451a;S-UPG90-6;0;Foraminifera spp.;-5.053;119.355;Indonesia;Makassar;NCBN001251;not available;not available;not available;EG015;COI;NXT-foramCOI_F;NXT-foramCOI_R;0.9;1;no data;no data;G01;EG007;C;507;10.0494;G01
e4032057216_NBCLAB5451b_S_UPG90_6_EG007_C_B6_POOL1_82054_82_ATGCGCAGTATCCTCT_L001_merged_trimmed_filtered;aDNA;21076-545;G01;NCBN001251-G09;4032057216;NBC.LAB.5451b;S-UPG90-6;0;Foraminifera spp.;-5.053;119.355;Indonesia;Makassar;NCBN001251;not available;not available;not available;EG017;COI;NXT-foramCOI_F;NXT-foramCOI_R;0.9;1;no data;no data;A01;EG007;C;498;7.3783;B06
e4032057216_NBCLAB5451c_S_UPG90_6_EG007_C_E7_POOL1_82054_93_TAGCGCTCAAGGAGTA_L001_merged_trimmed_filtered;aDNA;21076-545;G01;NCBN001251-G09;4032057216;NBC.LAB.5451c;S-UPG90-6;0;Foraminifera spp.;-5.053;119.355;Indonesia;Makassar;NCBN001251;not available;not available;not available;EG018;COI;NXT-foramCOI_F;NXT-foramCOI_R;0.9;10;no data;no data;A01;EG007;C;504;8.4444;E07
e4032057216_NBCLAB5451d_S_UPG90_6_EG008_B_G5_POOL1_82054_38_GGACTCCTGAGCCTTA_L001_merged_trimmed_filtered;aDNA;21076-545;G01;NCBN001251-G09;4032057216;NBC.LAB.5451d;S-UPG90-6;0;Foraminifera spp.;-5.053;119.355;Indonesia;Makassar;NCBN001251;not available;not available;not available;EG020;COI;NXT-foramCOI_F;NXT-foramCOI_R;0.9;10;no data;no data;A06;EG008;B;506;24.4414;G05
e4032057216_NBCLAB5451e_S_UPG90_6_EG008_B_H5_POOL1_82054_39_GGACTCCTTTATGCGA_L001_merged_trimmed_filtered;aDNA;21076-545;G01;NCBN001251-G09;4032057216;NBC.LAB.5451e;S-UPG90-6;0;Foraminifera spp.;-5.053;119.355;Indonesia;Makassar;NCBN001251;not available;not available;not available;EG020;COI;NXT-foramCOI_F;NXT-foramCOI_R;0.9;10;no data;no data;B06;EG008;B;503;30.9628;H05
e4032057216_NBCLAB5451f_S_UPG90_6_EG008_B_A6_POOL1_82054_40_TAGGCATGTCGACTAG_L001_merged_trimmed_filtered;aDNA;21076-545;G01;NCBN001251-G09;4032057216;NBC.LAB.5451f;S-UPG90-6;0;Foraminifera spp.;-5.053;119.355;Indonesia;Makassar;NCBN001251;not available;not available;not available;EG020;COI;NXT-foramCOI_F;NXT-foramCOI_R;0.9;10;no data;no data;C06;EG008;B;508;21.1606;A06
e4032057217_NBCLAB5459a_S_UPG82_rf2_EG007_C_E2_POOL1_82054_53_GGAGCTACAAGGAGTA_L001_merged_trimmed_filtered;aDNA;21076-545;G02;NCBN001251-G10;4032057217;NBC.LAB.5459a;S-UPG82-rf2;0;Foraminifera spp.;-5.055;119.427;Indonesia;Makassar;NCBN001251;not available;not available;not available;EG015;COI;NXT-foramCOI_F;NXT-foramCOI_R;0.9;1;no data;no data;G02;EG007;C;503;9.0121;E02
e4032057217_NBCLAB5459b_S_UPG82_rf2_EG007_C_E8_POOL1_82054_101_ACTGAGCGAAGGAGTA_L001_merged_trimmed_filtered;aDNA;21076-545;G02;NCBN001251-G10;4032057217;NBC.LAB.5459b;S-UPG82-rf2;0;Foraminifera spp.;-5.055;119.427;Indonesia;Makassar;NCBN001251;not available;not available;not available;EG018;COI;NXT-foramCOI_F;NXT-foramCOI_R;0.9;10;no data;no data;A02;EG007;C;500;5.9975;E08
e4032057217_NBCLAB5459c_S_UPG82_rf2_EG007_C_F10_POOL1_82054_118_CGATCAGTCTAAGCCT_L001_merged_trimmed_filtered;aDNA;21076-545;G02;NCBN001251-G10;4032057217;NBC.LAB.5459c;S-UPG82-rf2;0;Foraminifera spp.;-5.055;119.427;Indonesia;Makassar;NCBN001251;not available;not available;not available;EG019;COI;NXT-foramCOI_F;NXT-foramCOI_R;0.9;50;no data;no data;A02;EG007;C;499;8.6078;F10
e4032057217_NBCLAB5459d_S_UPG82_rf2_EG007_C_G11_POOL1_82054_127_TGCAGCTACGTCTAAT_L001_merged_trimmed_filtered;aDNA;21076-545;G02;NCBN001251-G10;4032057217;NBC.LAB.5459d;S-UPG82-rf2;0;Foraminifera spp.;-5.055;119.427;Indonesia;Makassar;NCBN001251;not available;not available;not available;EG019;COI;NXT-foramCOI_F;NXT-foramCOI_R;0.9;50;no data;no data;C03;EG007;C;507;9.3116;G11
e4032057217_NBCLAB5459e_S_UPG82_rf2_EG008_B_A1_POOL1_82054_0_TAAGGCGATCGACTAG_L001_merged_trimmed_filtered;aDNA;21076-545;G02;NCBN001251-G10;4032057217;NBC.LAB.5459e;S-UPG82-rf2;0;Foraminifera spp.;-5.055;119.427;Indonesia;Makassar;NCBN001251;not available;not available;not available;EG019;COI;NXT-foramCOI_F;NXT-foramCOI_R;0.9;50;no data;no data;E04;EG008;B;511;25.039;A01
e4032057217_NBCLAB5459f_S_UPG82_rf2_EG008_B_B2_POOL1_82054_9_CGTACTAGTTCTAGCT_L001_merged_trimmed_filtered;aDNA;21076-545;G02;NCBN001251-G10;4032057217;NBC.LAB.5459f;S-UPG82-rf2;0;Foraminifera spp.;-5.055;119.427;Indonesia;Makassar;NCBN001251;not available;not available;not available;EG019;COI;NXT-foramCOI_F;NXT-foramCOI_R;0.9;50;no data;no data;G05;EG008;B;511;25.6433;B02
e4032057218_NBCLAB5467a_E_UPG92_rf3_EG007_C_B7_POOL1_82054_90_TAGCGCTCTATCCTCT_L001_merged_trimmed_filtered;aDNA;21076-545;G03;NCBN001251-G11;4032057218;NBC.LAB.5467a;E-UPG92-rf3;0;Foraminifera spp.;-4.969;119.328;Indonesia;Makassar;NCBN001251;not available;not available;not available;EG017;COI;NXT-foramCOI_F;NXT-foramCOI_R;0.9;1;no data;no data;A03;EG007;C;507;8.4774;B07
e4032057218_NBCLAB5467b_E_UPG92_rf3_EG007_C_D9_POOL1_82054_108_CCTAAGACACTGCATA_L001_merged_trimmed_filtered;aDNA;21076-545;G03;NCBN001251-G11;4032057218;NBC.LAB.5467b;E-UPG92-rf3;0;Foraminifera spp.;-4.969;119.328;Indonesia;Makassar;NCBN001251;not available;not available;not available;EG018;COI;NXT-foramCOI_F;NXT-foramCOI_R;0.9;10;no data;no data;A03;EG007;C;510;9.6669;D09
e4032057218_NBCLAB5467c_E_UPG92_rf3_EG008_B_G4_POOL1_82054_30_TCCTGAGCGAGCCTTA_L001_merged_trimmed_filtered;aDNA;21076-545;G03;NCBN001251-G11;4032057218;NBC.LAB.5467c;E-UPG92-rf3;0;Foraminifera spp.;-4.969;119.328;Indonesia;Makassar;NCBN001251;not available;not available;not available;EG020;COI;NXT-foramCOI_F;NXT-foramCOI_R;0.9;10;no data;no data;A04;EG008;B;515;26.3696;G04
e4032057218_NBCLAB5467d_E_UPG92_rf3_EG008_B_H4_POOL1_82054_31_TCCTGAGCTTATGCGA_L001_merged_trimmed_filtered;aDNA;21076-545;G03;NCBN001251-G11;4032057218;NBC.LAB.5467d;E-UPG92-rf3;0;Foraminifera spp.;-4.969;119.328;Indonesia;Makassar;NCBN001251;not available;not available;not available;EG020;COI;NXT-foramCOI_F;NXT-foramCOI_R;0.9;10;no data;no data;D04;EG008;B;514;26.5099;H04
e4032057228_NBCLAB5452a_S_UPG90_12_EG007_C_H1_POOL1_82054_48_ACTCGCTATCTCTCCG_L001_merged_trimmed_filtered;aDNA;21076-545;H01;NCBN001251-H09;4032057228;NBC.LAB.5452a;S-UPG90-12;0;Foraminifera spp.;-5.053;119.355;Indonesia;Makassar;NCBN001251;not available;not available;not available;EG015;COI;NXT-foramCOI_F;NXT-foramCOI_R;0.9;1;no data;no data;H01;EG007;C;497;9.3927;H01
e4032057228_NBCLAB5452b_S_UPG90_12_EG007_C_C6_POOL1_82054_83_ATGCGCAGGTAAGGAG_L001_merged_trimmed_filtered;aDNA;21076-545;H01;NCBN001251-H09;4032057228;NBC.LAB.5452b;S-UPG90-12;0;Foraminifera spp.;-5.053;119.355;Indonesia;Makassar;NCBN001251;not available;not available;not available;EG017;COI;NXT-foramCOI_F;NXT-foramCOI_R;0.9;1;no data;no data;B01;EG007;C;497;7.7939;C06
e4032057228_NBCLAB5452c_S_UPG90_12_EG007_C_F7_POOL1_82054_94_TAGCGCTCCTAAGCCT_L001_merged_trimmed_filtered;aDNA;21076-545;H01;NCBN001251-H09;4032057228;NBC.LAB.5452c;S-UPG90-12;0;Foraminifera spp.;-5.053;119.355;Indonesia;Makassar;NCBN001251;not available;not available;not available;EG018;COI;NXT-foramCOI_F;NXT-foramCOI_R;0.9;10;no data;no data;B01;EG007;C;507;9.3673;F07
e4032057228_NBCLAB5452d_S_UPG90_12_EG007_C_G9_POOL1_82054_111_CCTAAGACCGTCTAAT_L001_merged_trimmed_filtered;aDNA;21076-545;H01;NCBN001251-H09;4032057228;NBC.LAB.5452d;S-UPG90-12;0;Foraminifera spp.;-5.053;119.355;Indonesia;Makassar;NCBN001251;not available;not available;not available;EG019;COI;NXT-foramCOI_F;NXT-foramCOI_R;0.9;50;no data;no data;B01;EG007;C;505;8.5136;G09
e4032057228_NBCLAB5452e_S_UPG90_12_EG007_C_H10_POOL1_82054_120_CGATCAGTTCTCTCCG_L001_merged_trimmed_filtered;aDNA;21076-545;H01;NCBN001251-H09;4032057228;NBC.LAB.5452e;S-UPG90-12;0;Foraminifera spp.;-5.053;119.355;Indonesia;Makassar;NCBN001251;not available;not available;not available;EG019;COI;NXT-foramCOI_F;NXT-foramCOI_R;0.9;50;no data;no data;D02;EG007;C;504;9.3032;H10
e4032057228_NBCLAB5452f_S_UPG90_12_EG007_C_A12_POOL1_82054_129_TCGACGTCCTCTCTAT_L001_merged_trimmed_filtered;aDNA;21076-545;H01;NCBN001251-H09;4032057228;NBC.LAB.5452f;S-UPG90-12;0;Foraminifera spp.;-5.053;119.355;Indonesia;Makassar;NCBN001251;not available;not available;not available;EG019;COI;NXT-foramCOI_F;NXT-foramCOI_R;0.9;50;no data;no data;F03;EG007;C;501;9.6152;A12
e4032057228_NBCLAB5452g_S_UPG90_12_EG008_B_C1_POOL1_82054_2_TAAGGCGACCTAGAGT_L001_merged_trimmed_filtered;aDNA;21076-545;H01;NCBN001251-H09;4032057228;NBC.LAB.5452g;S-UPG90-12;0;Foraminifera spp.;-5.053;119.355;Indonesia;Makassar;NCBN001251;not available;not available;not available;EG019;COI;NXT-foramCOI_F;NXT-foramCOI_R;0.9;50;no data;no data;H04;EG008;B;507;22.884;C01
e4032057229_NBCLAB5460a_S_UPG82_rf3_EG007_C_F2_POOL1_82054_54_GGAGCTACCTAAGCCT_L001_merged_trimmed_filtered;aDNA;21076-545;H02;NCBN001251-H10;4032057229;NBC.LAB.5460a;S-UPG82-rf3;0;Foraminifera spp.;-5.055;119.427;Indonesia;Makassar;NCBN001251;not available;not available;not available;EG015;COI;NXT-foramCOI_F;NXT-foramCOI_R;0.9;1;no data;no data;H02;EG007;C;494;15.9827;F02
e4032057229_NBCLAB5460b_S_UPG82_rf3_EG007_C_F8_POOL1_82054_102_ACTGAGCGCTAAGCCT_L001_merged_trimmed_filtered;aDNA;21076-545;H02;NCBN001251-H10;4032057229;NBC.LAB.5460b;S-UPG82-rf3;0;Foraminifera spp.;-5.055;119.427;Indonesia;Makassar;NCBN001251;not available;not available;not available;EG018;COI;NXT-foramCOI_F;NXT-foramCOI_R;0.9;10;no data;no data;B02;EG007;C;496;15.7303;F08
e4032057229_NBCLAB5460c_S_UPG82_rf3_EG007_C_G10_POOL1_82054_119_CGATCAGTCGTCTAAT_L001_merged_trimmed_filtered;aDNA;21076-545;H02;NCBN001251-H10;4032057229;NBC.LAB.5460c;S-UPG82-rf3;0;Foraminifera spp.;-5.055;119.427;Indonesia;Makassar;NCBN001251;not available;not available;not available;EG019;COI;NXT-foramCOI_F;NXT-foramCOI_R;0.9;50;no data;no data;B02;EG007;C;487;13.3078;G10
e4032057229_NBCLAB5460d_S_UPG82_rf3_EG007_C_H11_POOL1_82054_128_TGCAGCTATCTCTCCG_L001_merged_trimmed_filtered;aDNA;21076-545;H02;NCBN001251-H10;4032057229;NBC.LAB.5460d;S-UPG82-rf3;0;Foraminifera spp.;-5.055;119.427;Indonesia;Makassar;NCBN001251;not available;not available;not available;EG019;COI;NXT-foramCOI_F;NXT-foramCOI_R;0.9;50;no data;no data;D03;EG007;C;482;14.1234;H11
e4032057229_NBCLAB5460e_S_UPG82_rf3_EG008_B_B1_POOL1_82054_1_TAAGGCGATTCTAGCT_L001_merged_trimmed_filtered;aDNA;21076-545;H02;NCBN001251-H10;4032057229;NBC.LAB.5460e;S-UPG82-rf3;0;Foraminifera spp.;-5.055;119.427;Indonesia;Makassar;NCBN001251;not available;not available;not available;EG019;COI;NXT-foramCOI_F;NXT-foramCOI_R;0.9;50;no data;no data;F04;EG008;B;502;29.9464;B01
e4032057229_NBCLAB5460f_S_UPG82_rf3_EG008_B_C2_POOL1_82054_10_CGTACTAGCCTAGAGT_L001_merged_trimmed_filtered;aDNA;21076-545;H02;NCBN001251-H10;4032057229;NBC.LAB.5460f;S-UPG82-rf3;0;Foraminifera spp.;-5.055;119.427;Indonesia;Makassar;NCBN001251;not available;not available;not available;EG019;COI;NXT-foramCOI_F;NXT-foramCOI_R;0.9;50;no data;no data;H05;EG008;B;503;34.448;C02
